{"cameraMode":{"drawMode":0,"name":"Shaded","section":"Shading Mode"},"sceneLighting":false,"audioPlay":false,"sceneViewState":{"m_AlwaysRefresh":true,"showFog":true,"showSkybox":false,"showFlares":true,"showImageEffects":true,"showParticleSystems":true,"showVisualEffectGraphs":true,"m_FxEnabled":true},"in2DMode":false,"pivot":{"x":-0.32499998807907107,"y":2.1600000858306886,"z":-0.2759999930858612},"rotation":{"x":-0.3093157112598419,"y":-0.11342021822929383,"z":0.03748692199587822,"w":-0.9435746669769287},"size":0.43062546849250796,"orthographic":false}