{"cameraMode":{"drawMode":0,"name":"Shaded","section":"Shading Mode"},"sceneLighting":true,"audioPlay":false,"sceneViewState":{"m_AlwaysRefresh":true,"showFog":true,"showSkybox":true,"showFlares":true,"showImageEffects":true,"showParticleSystems":true,"showVisualEffectGraphs":true,"m_FxEnabled":true},"in2DMode":false,"pivot":{"x":-0.6519519090652466,"y":2.446913957595825,"z":-0.31728681921958926},"rotation":{"x":-0.20294331014156342,"y":-0.7409837245941162,"z":0.25667470693588259,"w":-0.5866162776947022},"size":0.35665959119796755,"orthographic":false}