{"cameraMode":{"drawMode":0,"name":"Shaded","section":"Shading Mode"},"sceneLighting":true,"audioPlay":false,"sceneViewState":{"m_AlwaysRefresh":true,"showFog":true,"showSkybox":true,"showFlares":true,"showImageEffects":true,"showParticleSystems":true,"showVisualEffectGraphs":true,"m_FxEnabled":true},"in2DMode":false,"pivot":{"x":-0.24499386548995973,"y":0.8306785821914673,"z":-3.8637988567352297},"rotation":{"x":-0.42794930934906008,"y":0.0477740615606308,"z":-0.022393980994820596,"w":-0.9024044871330261},"size":2.366025447845459,"orthographic":false}