{"cameraMode":{"drawMode":0,"name":"Shaded","section":"Shading Mode"},"sceneLighting":false,"audioPlay":false,"sceneViewState":{"m_AlwaysRefresh":true,"showFog":true,"showSkybox":false,"showFlares":true,"showImageEffects":true,"showParticleSystems":true,"showVisualEffectGraphs":true,"m_FxEnabled":true},"in2DMode":false,"pivot":{"x":-0.8705205321311951,"y":-13.755136489868164,"z":10.970091819763184},"rotation":{"x":-0.43774011731147768,"y":0.03134235739707947,"z":-0.015070309862494469,"w":-0.8985722661018372},"size":9.764182090759278,"orthographic":false}