{"cameraMode":{"drawMode":0,"name":"Shaded","section":"Shading Mode"},"sceneLighting":false,"audioPlay":false,"sceneViewState":{"m_AlwaysRefresh":false,"showFog":false,"showSkybox":false,"showFlares":false,"showImageEffects":false,"showParticleSystems":false,"showVisualEffectGraphs":true,"m_FxEnabled":true},"in2DMode":false,"pivot":{"x":-0.05728888511657715,"y":2.4245400428771974,"z":0.057882726192474368},"rotation":{"x":-0.016641944646835328,"y":-0.9630244374275208,"z":0.26218923926353457,"w":-0.06131957471370697},"size":4.133299827575684,"orthographic":false}